{
	"sensor_conf_3cm.py" : {
		"vga" : {
			"fx"	: 426.6666667,
			"fy"	: 426.6666667,
			"cx"	: 423.1225206,
			"cy"	: 241.2364387,
			"baseline"	: 29.7378519
		},
		"hd" : {
			"fx"	: 640.0000000,
			"fy"	: 640.0000000,
			"cx"	: 634.6837809,
			"cy"	: 361.8546581,
			"baseline"	: 29.7378519
		}
		
	},
	"sensor_conf_6cm.py" : {
		"vga" : {
			"fx"	: 426.6666667,
			"fy"	: 426.6666667,
			"cx"	: 423.1225206,
			"cy"	: 241.2364387,
			"baseline"	: 60.2134682
		},
		"hd" : {
			"fx"	: 640.0000000,
			"fy"	: 640.0000000,
			"cx"	: 634.6837809,
			"cy"	: 361.8546581,
			"baseline"	: 60.2134682
		}
		
	},
	"sensor_conf_12cm.py" : {
		"vga" : {
			"fx"	: 426.6666667,
			"fy"	: 426.6666667,
			"cx"	: 423.1225206,
			"cy"	: 241.2364387,
			"baseline"	: 120.6012592
		},
		"hd" : {
			"fx"	: 640.0000000,
			"fy"	: 640.0000000,
			"cx"	: 634.6837809,
			"cy"	: 361.8546581,
			"baseline"	: 120.6012592
		}
		
	},
	"sensor_conf_9cm.py" : {
		"vga" : {
			"fx"	: 426.6666667,
			"fy"	: 426.6666667,
			"cx"	: 423.1225206,
			"cy"	: 241.2364387,
			"baseline"	: 90.8634073
		},
		"hd" : {
			"fx"	: 640.0000000,
			"fy"	: 640.0000000,
			"cx"	: 634.6837809,
			"cy"	: 361.8546581,
			"baseline"	: 90.8634073
		}
		
	}
}
